code,topic,variant,n_sessions,qid,subpart_id,n_words,text
1,Seasonal Malaria Chemoprevention,160f8ed1e1,980,Q1,Q1.1,15,What percentage of households in your catchment area are aware of Seasonal Malaria Chemoprevention (SMC)?
1,Seasonal Malaria Chemoprevention,160f8ed1e1,980,Q1,Q1.2,18,"For every 50 caregivers, how many refuse Seasonal Malaria Chemoprevention (SMC)? What are the main reasons for refusals?"
1,Seasonal Malaria Chemoprevention,160f8ed1e1,980,Q1,Q1.3,28,"For every 50 children under 5, who receive Seasonal Malaria Chemoprevention (SMC), how many spit up or reject the medicine? Do these children typically receive an extra dose?"
1,Seasonal Malaria Chemoprevention,160f8ed1e1,980,Q1,Q1.4,48,"Do children under 5 years, who receive Seasonal Malaria Chemoprevention (SMC) usually take the 2nd and 3rd dose? Are caregivers reminded by campaign workers to take these subsequent Seasonal Malaria Chemoprevention (SMC) doses? For every 10 children that get the first dose how many get all 3 doses?"
1,Seasonal Malaria Chemoprevention,160f8ed1e1,980,Q1,Q1.5,51,"In your catchment area, did any lead mothers or mama-to-mama networks visit households on the 2nd and 3rd day to remind caregivers to give the second and third dose? Out of every 10 caregivers, how many are reminded by lead mothers or mama-to-mama networks to give the second and third dose?"
1,Seasonal Malaria Chemoprevention,160f8ed1e1,980,Q1,Q1.6,26,"Before a seasonal malaria chemoprevention campaign happens, what activities occur to inform households that the campaign is going to happen? Are they advertised? If yes, how?"
1,Seasonal Malaria Chemoprevention,160f8ed1e1,980,Q1,Q1.7,58,"What happens when caregivers are not home during the time when Community Drug Distributors (CDDs) are delivering Seasonal Malaria Chemoprevention (SMC)? Are these households visited again? Out of every 10 households visited, how many don't have the parents at homeWhat happens when children under 5 are sick at the time Community Drug Distributors (CDDs) are visiting a household?"
1,Seasonal Malaria Chemoprevention,160f8ed1e1,980,Q1,Q1.8,17,"Do the Fulani or other nomadic populations get the SMC drugs? If no, who else is missed?"
10,Malaria 2,45577b1f5e,216,Q1,Q1.1,76,"In your catchment area, do you notice that some households tend to have a heavier burden of malaria than others, whether in terms of more frequent cases, deaths, or less access to treatment and prevention? If so, what do you think makes those households different? For example, do you see patterns related to income levels, the nutritional status or general health of children, housing conditions, proximity to water sources, distance from the clinic, or ethnic group?"
10,Malaria 2,45577b1f5e,216,Q1,Q1.2,44,"In your community, how common is it for pregnant women to attend antenatal care coverage (ANC) during their first trimester of pregnancy? For women who don't come in during that early period, what are the main reasons you've heard or observed for that delay?"
10,Malaria 2,45577b1f5e,216,Q1,Q1.3,42,"When pregnant women do come for ANC visits at your facility or in your area, how consistently do they receive an ITN or Intermittent Preventive Treatment in pregnancy (IPTp)? Roughly what proportion of pregnant women do you think receive these through ANC?"
10,Malaria 2,45577b1f5e,216,Q1,Q1.4,45,"When caregivers bring their children under 5 for immunization visits under the EPI programme, how often do those children also receive an ITN? Out of every 10 children under 5 who come for immunization, roughly how many do you think go home with a bednet?"
10,Malaria 2,45577b1f5e,216,Q1,Q1.5,25,How often do you see or hear of children between 5 and 15 years old dying from malaria in your catchment area? What about adults?
10,Malaria 2,45577b1f5e,216,Q1,Q1.6,34,"Have you heard of rectal artesunate? If yes, what is your sense of whether caregivers in your catchment area would be willing to accept and use it for a child with suspected severe malaria?"
10,Malaria 2,45577b1f5e,216,Q1,Q1.7,41,"When you identify a child under 5 with danger signs of severe malaria and refer them to a hospital, what proportion of the caregivers actually end up reaching the hospital? For those who don't go, what reasons do caregivers typically give?"
10,Malaria 2,45577b1f5e,216,Q1,Q1.8,33,"How often do you find yourself without the supplies you need to test and treat malaria (mRDTs or ACTs)? When that happens, what do you tell patients who come to you seeking care?"
10L,Malaria 4,36e0602d48,15,Q1,Q1.1,76,"In your catchment area, do you notice that some households tend to have a heavier burden of malaria than others, whether in terms of more frequent cases, deaths, or less access to treatment and prevention? If so, what do you think makes those households different? For example, do you see patterns related to income levels, the nutritional status or general health of children, housing conditions, proximity to water sources, distance from the clinic, or ethnic group?"
10L,Malaria 4,36e0602d48,15,Q1,Q1.2,42,"When pregnant women do come for ANC visits at your facility or in your area, how consistently do they receive an ITN or Intermittent Preventive Treatment in pregnancy (IPTp)? Roughly what proportion of pregnant women do you think receive these through ANC?"
10L,Malaria 4,36e0602d48,15,Q1,Q1.3,45,"When caregivers bring their children under 5 for immunization visits under the EPI programme, how often do those children also receive an ITN? Out of every 10 children under 5 who come for immunization, roughly how many do you think go home with a bednet?"
10L,Malaria 4,36e0602d48,15,Q1,Q1.4,25,How often do you see or hear of children between 5 and 15 years old dying from malaria in your catchment area? What about adults?
10L,Malaria 4,36e0602d48,15,Q1,Q1.5,34,"Have you heard of rectal artesunate? If yes, what is your sense of whether caregivers in your catchment area would be willing to accept and use it for a child with suspected severe malaria?"
10L,Malaria 4,36e0602d48,15,Q1,Q1.6,41,"When you identify a child under 5 with danger signs of severe malaria and refer them to a hospital, what proportion of the caregivers actually end up reaching the hospital? For those who don't go, what reasons do caregivers typically give?"
10L,Malaria 4,36e0602d48,15,Q1,Q1.7,33,"How often do you find yourself without the supplies you need to test and treat malaria (mRDTs or ACTs)? When that happens, what do you tell patients who come to you seeking care?"
10L,Malaria 4,36e0602d48,15,Q1,Q1.8,44,"In your community, how common is it for pregnant women to attend antenatal care coverage (ANC) during their first trimester of pregnancy? For women who don't come in during that early period, what are the main reasons you've heard or observed for that delay?"
10L,Malaria 4,36e0602d48,15,Q1,Q1.9,35,"Can you tell me about a child under 5 who you referred for severe malaria and who did not make it to the hospital in time — what happened, and what got in the way?"
10L,Malaria 4,36e0602d48,15,Q1,Q1.10,34,"In the last rainy season, did you notice any change in the number of malaria cases — more, fewer, or about the same as the previous year? What do you think caused that change?"
10L,Malaria 4,36e0602d48,15,Q1,Q1.11,31,"Are there households in your catchment area that you know have never owned or used a bednet, even after receiving one during a campaign? What do you think the reason is?"
10L,Malaria 4,36e0602d48,15,Q1,Q1.12,31,"When a pregnant woman in your area is diagnosed with malaria, what treatment does she typically receive? Do you think women in your catchment area get appropriate malaria treatment during pregnancy?"
10L,Malaria 4,36e0602d48,15,Q1,Q1.13,27,"Out of every 10 children under 5 in your catchment area who you suspect have malaria, how many actually get tested with an RDT before receiving treatment?"
10L,Malaria 4,36e0602d48,15,Q1,Q1.14,27,Have you ever seen a caregiver refuse to test their child for malaria with an RDT — even when you offered one? What reason did they give?
10L,Malaria 4,36e0602d48,15,Q1,Q1.15,35,"Do caregivers in your community know the difference between malaria and other causes of fever in a young child — for example, pneumonia or a common cold? How do you explain the difference to them?"
10L,Malaria 4,36e0602d48,15,Q1,Q1.16,46,"Think about the malaria-related work you did last month - things like checking on sick children, distributing medication, or following up on cases. How much time did you spend conducting visits? How much time did you spend traveling to households in order to conduct these visits?"
10L,Malaria 4,36e0602d48,15,Q1,Q1.17,46,"Thinking about all the malaria-related activities you do (household visits, testing children for malaria, distributing nets, and following up on referrals) are all of these things part of your paid duties, or are some of them things you do voluntarily on top of your regular work?"
10L,Malaria 4,36e0602d48,15,Q1,Q1.18,42,"When you refer a child with severe malaria to a hospital, do you follow up afterwards to find out how they are doing? If you do follow up, how do you usually do it? How much time does that follow-up take you?"
10L,Malaria 4,36e0602d48,15,Q1,Q1.19,31,"During the rainy season when malaria cases are highest, how does the increase in sick children affect your ability to keep up with your other duties? How do you handle this?"
10L,Malaria 4,36e0602d48,15,Q1,Q1.20,39,"When there are other health campaigns happening at the same time as malaria activities, for example a vaccination drive or a nutrition programme, how do you decide where to spend your time? Is it hard to balance these priorities?"
10S,Malaria 3,e6db15586c,25,Q1,Q1.1,76,"In your catchment area, do you notice that some households tend to have a heavier burden of malaria than others, whether in terms of more frequent cases, deaths, or less access to treatment and prevention? If so, what do you think makes those households different? For example, do you see patterns related to income levels, the nutritional status or general health of children, housing conditions, proximity to water sources, distance from the clinic, or ethnic group?"
10S,Malaria 3,e6db15586c,25,Q1,Q1.2,42,"When pregnant women do come for ANC visits at your facility or in your area, how consistently do they receive an ITN or Intermittent Preventive Treatment in pregnancy (IPTp)? Roughly what proportion of pregnant women do you think receive these through ANC?"
10S,Malaria 3,e6db15586c,25,Q1,Q1.3,45,"When caregivers bring their children under 5 for immunization visits under the EPI programme, how often do those children also receive an ITN? Out of every 10 children under 5 who come for immunization, roughly how many do you think go home with a bednet?"
10S,Malaria 3,e6db15586c,25,Q1,Q1.4,25,How often do you see or hear of children between 5 and 15 years old dying from malaria in your catchment area? What about adults?
10S,Malaria 3,e6db15586c,25,Q1,Q1.5,34,"Have you heard of rectal artesunate? If yes, what is your sense of whether caregivers in your catchment area would be willing to accept and use it for a child with suspected severe malaria?"
10S,Malaria 3,e6db15586c,25,Q1,Q1.6,41,"When you identify a child under 5 with danger signs of severe malaria and refer them to a hospital, what proportion of the caregivers actually end up reaching the hospital? For those who don't go, what reasons do caregivers typically give?"
10S,Malaria 3,e6db15586c,25,Q1,Q1.7,33,"How often do you find yourself without the supplies you need to test and treat malaria (mRDTs or ACTs)? When that happens, what do you tell patients who come to you seeking care?"
11,Water & Diarrhea 2,3c03ca35d3,363,Q1,Q1.1,14,Roughly how many children under the age of 5 live in your catchment area?
11,Water & Diarrhea 2,3c03ca35d3,363,Q1,Q1.2,57,"When a child under 5 in your catchment area has diarrhea, what do families typically do first? And what would you personally advise them to do? Out of every 10 families, how many do you think would : 1) wait and see 2) seek your advice 3) use ORS 4) use antibiotics or 5) try something else?"
11,Water & Diarrhea 2,3c03ca35d3,363,Q1,Q1.3,34,"How familiar are families in your community with Oral Rehydration Solution (ORS) as a diarrhea treatment? Out of every 10 families, how many would prepare a homemade solution i.e. sugar/salt water instead of ORS?"
11,Water & Diarrhea 2,3c03ca35d3,363,Q1,Q1.4,25,"What is the main source of drinking water for most households in your catchment area - for example, a well, piped connection, or something else?"
11,Water & Diarrhea 2,3c03ca35d3,363,Q1,Q1.5,33,"Do families in your area buy their drinking water - such as sachet or pouch water? If so, roughly how much do they spend, and who in the household tends to drink it?"
11,Water & Diarrhea 2,3c03ca35d3,363,Q1,Q1.6,36,"Out of every 10 households, how many do you think treat their water with chlorine? For those who do, how do they usually do it? For example, using a dispenser, chlorine tablets, or a liquid solution?"
11,Water & Diarrhea 2,3c03ca35d3,363,Q1,Q1.7,28,How common is it for families in your catchment area to consult a traditional healer or patent medicine vendor before coming to you when a child has diarrhea?
11,Water & Diarrhea 2,3c03ca35d3,363,Q1,Q1.8,26,"Are there particular times of year such as after rains or during harvest season, when you see a spike in diarrhea cases among children under 5?"
11,Water & Diarrhea 2,3c03ca35d3,363,Q1,Q1.9,26,"How do families in your catchment area typically dispose of a young child's faeces? Is it discarded in the open, buried, or handled in another way?"
11,Water & Diarrhea 2,3c03ca35d3,363,Q1,Q1.10,28,"How far do most families in your catchment area live from their nearest water source, and does that distance affect how much water they collect and use daily?"
11L,Water & Diarrhea 4,82f59a4d88,21,Q1,Q1.1,14,Roughly how many children under the age of 5 live in your catchment area?
11L,Water & Diarrhea 4,82f59a4d88,21,Q1,Q1.2,50,"When a child under 5 has diarrhea, what do these families do first? How many in your catchment area do you think would: 1) wait and see 2) seek your advice 3) use ORS 4) use antibiotics or 5) try something else? What would you personally advise them to do?"
11L,Water & Diarrhea 4,82f59a4d88,21,Q1,Q1.3,61,"How familiar are families in your community with Oral Rehydration Solution (ORS) as a diarrhea treatment? Out of every 10 families, how many would prepare a homemade solution i.e. sugar/salt water instead of ORS? For those who do, how confident are you that they know the correct proportions and do they generally have reliable access to sugar and salt at home?"
11L,Water & Diarrhea 4,82f59a4d88,21,Q1,Q1.4,25,"What is the main source of drinking water for most households in your catchment area - for example, a well, piped connection, or something else?"
11L,Water & Diarrhea 4,82f59a4d88,21,Q1,Q1.5,60,"Out of all the water a typical family in your catchment area drinks in a day, how much of it would you say is purchased such as sachet or pouch water, versus water they collect for free? For the water they do buy, roughly how much do they spend in a month? Who in the household tends to drink it?"
11L,Water & Diarrhea 4,82f59a4d88,21,Q1,Q1.6,48,"How do families in your catchment area typically dispose of a young child's faeces? Is it discarded in the open, buried, or handled in another way? And when they are away from home, such as in a farm or market, what do they usually do with it then?"
11L,Water & Diarrhea 4,82f59a4d88,21,Q1,Q1.7,40,"How common is it for families in your catchment area to consult a traditional healer or patent medicine vendor before coming to you when a child has diarrhea? If a traditional healer is consulted, what advice is offered by them?"
11L,Water & Diarrhea 4,82f59a4d88,21,Q1,Q1.8,66,"Think about how many households are in your catchment, how many do you think treat their water with chlorine? For those who do, how do they usually do it? For example, using a dispenser, chlorine tablets, or a liquid solution? For those who do not do chlorination, what might be the possible reason for that? Do they use any other treatment methods like boiling, filtration, etc.?"
11L,Water & Diarrhea 4,82f59a4d88,21,Q1,Q1.9,26,"Are there particular times of year such as after rains or during harvest season, when you see a spike in diarrhea cases among children under 5?"
11L,Water & Diarrhea 4,82f59a4d88,21,Q1,Q1.10,28,"How far do most families in your catchment area live from their nearest water source, and does that distance affect how much water they collect and use daily?"
11L,Water & Diarrhea 4,82f59a4d88,21,Q1,Q1.11,13,"In your community, what do people typically believe causes diarrhea in young children?"
11L,Water & Diarrhea 4,82f59a4d88,21,Q1,Q1.12,43,"Are there certain times or scenarios where families in your catchment area consider diarrhea normal or not serious enough to act on? Out of every 10 caregivers, how many do you think would wait and see rather than seek help in those situations?"
11L,Water & Diarrhea 4,82f59a4d88,21,Q1,Q1.13,56,"What signs in a child with diarrhea would prompt a caregiver in your community to seek care from you or a health facility? Out of every 10 families, how many do you think would recognize danger signs like sunken eyes, a dry mouth, infrequent urination, or a child who cannot drink and act on them promptly?"
11L,Water & Diarrhea 4,82f59a4d88,21,Q1,Q1.14,35,"When a caregiver believes diarrhea has a spiritual cause, how does that affect whether they seek formal care? Have you found ways to counsel families who hold that belief while still getting the child treated?"
11L,Water & Diarrhea 4,82f59a4d88,21,Q1,Q1.15,29,"Can you tell me about a child under 5 who you saw recently with severe diarrhea — what happened, and what did the family do before coming to you?"
11L,Water & Diarrhea 4,82f59a4d88,21,Q1,Q1.16,29,"Do families in your area wash their hands before preparing food or feeding a young child? Out of every 10 families, how many do you think do this regularly?"
11L,Water & Diarrhea 4,82f59a4d88,21,Q1,Q1.17,28,Are there families in your community who do not have any toilet or latrine — where do they and their children go when they need to relieve themselves?
11L,Water & Diarrhea 4,82f59a4d88,21,Q1,Q1.18,30,"When children under 5 have diarrhea, do families in your area continue to feed them normally, or do they reduce or stop feeding? What do you advise them to do?"
11L,Water & Diarrhea 4,82f59a4d88,21,Q1,Q1.19,39,"Do families in your area receive any support — from the government, an NGO, or another organisation — to improve their access to clean water or sanitation? If yes, what kind of support, and does it reach most families?"
11L,Water & Diarrhea 4,82f59a4d88,21,Q1,Q1.20,25,How confident do you feel that families in your catchment area know when diarrhea in a child is serious enough to require immediate medical attention?
11S,Water & Diarrhea 3,9d3063daa5,32,Q1,Q1.1,14,Roughly how many children under the age of 5 live in your catchment area?
11S,Water & Diarrhea 3,9d3063daa5,32,Q1,Q1.2,50,"When a child under 5 has diarrhea, what do these families do first? How many in your catchment area do you think would: 1) wait and see 2) seek your advice 3) use ORS 4) use antibiotics or 5) try something else? What would you personally advise them to do?"
11S,Water & Diarrhea 3,9d3063daa5,32,Q1,Q1.3,61,"How familiar are families in your community with Oral Rehydration Solution (ORS) as a diarrhea treatment? Out of every 10 families, how many would prepare a homemade solution i.e. sugar/salt water instead of ORS? For those who do, how confident are you that they know the correct proportions and do they generally have reliable access to sugar and salt at home?"
11S,Water & Diarrhea 3,9d3063daa5,32,Q1,Q1.4,25,"What is the main source of drinking water for most households in your catchment area - for example, a well, piped connection, or something else?"
11S,Water & Diarrhea 3,9d3063daa5,32,Q1,Q1.5,60,"Out of all the water a typical family in your catchment area drinks in a day, how much of it would you say is purchased such as sachet or pouch water, versus water they collect for free? For the water they do buy, roughly how much do they spend in a month? Who in the household tends to drink it?"
11S,Water & Diarrhea 3,9d3063daa5,32,Q1,Q1.6,48,"How do families in your catchment area typically dispose of a young child's faeces? Is it discarded in the open, buried, or handled in another way? And when they are away from home, such as in a farm or market, what do they usually do with it then?"
11S,Water & Diarrhea 3,9d3063daa5,32,Q1,Q1.7,40,"How common is it for families in your catchment area to consult a traditional healer or patent medicine vendor before coming to you when a child has diarrhea? If a traditional healer is consulted, what advice is offered by them?"
12,Community & FLW Profile 2,76863cec80,325,Q1,Q1.1,17,What is the most common complaint you hear about health care from the people that you serve?
12,Community & FLW Profile 2,76863cec80,325,Q1,Q1.2,14,What are your main responsibilities as a community health worker? Please describe in detail.
12,Community & FLW Profile 2,76863cec80,325,Q1,Q1.3,14,What does a normal working day look like for you? Please describe in detail.
12,Community & FLW Profile 2,76863cec80,325,Q1,Q1.4,13,Do you feel your workload as a Community Health Worker (CHW) is manageable?
12,Community & FLW Profile 2,76863cec80,325,Q1,Q1.5,9,How many days a week do you usually work?
12,Community & FLW Profile 2,76863cec80,325,Q1,Q1.6,19,"On days when you work as a Community Health Worker (CHW), how many hours a day do you work?"
12,Community & FLW Profile 2,76863cec80,325,Q1,Q1.7,36,"Are there times of year when you can't do your work (e.g. due to farming season, rains, security concerns)? If so, describe the times of year and the reasons you aren't able to do your work."
12,Community & FLW Profile 2,76863cec80,325,Q1,Q1.8,21,"When nets or SMC campaigns occur, how does this affect your workload? Are you still able to complete your main responsibilities?"
12,Community & FLW Profile 2,76863cec80,325,Q1,Q1.9,13,What are the 3 main crops that families in your catchment area farm?
12,Community & FLW Profile 2,76863cec80,325,Q1,Q1.10,27,What is the most common way that households get fertilizer in your catchment area? Around how much does it cost to buy one kilogram of fertilizer locally?
12,Community & FLW Profile 2,76863cec80,325,Q1,Q1.11,24,How do most families in your community get their seeds for farming? What is the most common way to sell the crops once harvested?
12,Community & FLW Profile 2,76863cec80,325,Q1,Q1.12,20,"Are there any government programs happening in your community aimed to benefit farmers? If yes, please describe them in detail."
12,Community & FLW Profile 2,76863cec80,325,Q1,Q1.13,20,"Are there any NGO programs happening in your community aimed to benefit farmers? If yes, please describe them in detail."
13,Medicine Quality and Counterfeiting 2,1816127f32,188,Q1,Q1.1,35,"Have you ever heard of fake medicines or counterfeit drugs (in other words, medicines that don't work or are not what they claim to be)? Have you experienced this issue with Artemisinin-based Combination Therapies (ACTs)?"
13,Medicine Quality and Counterfeiting 2,1816127f32,188,Q1,Q1.2,47,"Do you think fake medicines are a problem in your catchment area? If so, where do you think these fake medicines come from? Out of every 10 medicine sellers or medicine stalls you know of, how many do you think might be selling medicines that are fake?"
13,Medicine Quality and Counterfeiting 2,1816127f32,188,Q1,Q1.3,9,How can someone identify if a medicine is fake?
13,Medicine Quality and Counterfeiting 2,1816127f32,188,Q1,Q1.4,17,Have you ever personally seen a medicine that you thought might be fake or of poor quality?
13,Medicine Quality and Counterfeiting 2,1816127f32,188,Q1,Q1.5,18,"When you recommend a medicine to someone, how confident are you that they are getting the real medication?"
13,Medicine Quality and Counterfeiting 2,1816127f32,188,Q1,Q1.6,18,Do people in your community tell you that they think medicines are fake? How often does this happen?
13,Medicine Quality and Counterfeiting 2,1816127f32,188,Q1,Q1.7,21,"If people think medicines are fake, what do they do? (E.g. not use medicine? Go to a specific pharmacy they trust?)"
13L,Medicine Quality & Counterfeiting 3,e13478c453,26,Q1,Q1.1,35,"Have you ever heard of fake medicines or counterfeit drugs (in other words, medicines that don't work or are not what they claim to be)? Have you experienced this issue with Artemisinin-based Combination Therapies (ACTs)?"
13L,Medicine Quality & Counterfeiting 3,e13478c453,26,Q1,Q1.2,47,"Do you think fake medicines are a problem in your catchment area? If so, where do you think these fake medicines come from? Out of every 10 medicine sellers or medicine stalls you know of, how many do you think might be selling medicines that are fake?"
13L,Medicine Quality & Counterfeiting 3,e13478c453,26,Q1,Q1.3,9,How can someone identify if a medicine is fake?
13L,Medicine Quality & Counterfeiting 3,e13478c453,26,Q1,Q1.4,17,Have you ever personally seen a medicine that you thought might be fake or of poor quality?
13L,Medicine Quality & Counterfeiting 3,e13478c453,26,Q1,Q1.5,18,"When you recommend a medicine to someone, how confident are you that they are getting the real medication?"
13L,Medicine Quality & Counterfeiting 3,e13478c453,26,Q1,Q1.6,18,Do people in your community tell you that they think medicines are fake? How often does this happen?
13L,Medicine Quality & Counterfeiting 3,e13478c453,26,Q1,Q1.7,49,"If people think medicines are fake, what do they do? (E.g. not use medicine? Go to a specific pharmacy they trust?)Can you describe the last time you or someone you know suspected that a medicine might be fake or not working? What happened, and what did the person do?"
13L,Medicine Quality & Counterfeiting 3,e13478c453,26,Q1,Q1.8,27,"Have you heard of fake malaria rapid diagnostic tests (RDTs) — test kits that give a wrong result? If yes, have you seen this in your area?"
13L,Medicine Quality & Counterfeiting 3,e13478c453,26,Q1,Q1.9,36,"When you buy medicines at a pharmacy or from a community medicine seller, what do you look at to check whether the medicine is genuine — for example, the packaging, the seal, or the expiry date?"
13L,Medicine Quality & Counterfeiting 3,e13478c453,26,Q1,Q1.10,28,"In your area, do people tend to trust medicines from government health facilities more, or from private pharmacies and community medicine sellers? Why do you think that is?"
13L,Medicine Quality & Counterfeiting 3,e13478c453,26,Q1,Q1.11,36,"Overall, how confident are people in your community that the medicines available to them — whether from health facilities or local sellers — are good quality and will work? What do you think shapes that confidence?"
13L,Medicine Quality & Counterfeiting 3,e13478c453,26,Q1,Q1.12,34,"Do you know if there is any government system in your area for checking or reporting fake medicines — for example, an inspector, a hotline, or a reporting form? Have you ever used it?"
13L,Medicine Quality & Counterfeiting 3,e13478c453,26,Q1,Q1.13,25,Have you ever had to decide whether a medicine that was possibly not good quality was still okay to give out? What did you do?
13L,Medicine Quality & Counterfeiting 3,e13478c453,26,Q1,Q1.14,31,Do cheaper medicines tend to be seen as lower quality in your community? Can you give an example of a medicine where people think the price affects how well it works?
13L,Medicine Quality & Counterfeiting 3,e13478c453,26,Q1,Q1.15,25,"In your experience, are imported medicines seen as better quality than locally manufactured ones, or the other way around? What do people say about this?"
13L,Medicine Quality & Counterfeiting 3,e13478c453,26,Q1,Q1.16,29,"Have you ever seen medicines being sold from unofficial sources — for example, at a market stall, from a vehicle, or door-to-door? How common is this in your area?"
13L,Medicine Quality & Counterfeiting 3,e13478c453,26,Q1,Q1.17,31,"When a child's malaria symptoms do not improve after treatment, what do caregivers in your area typically think is the reason — is it the medicine, the illness, or something else?"
13L,Medicine Quality & Counterfeiting 3,e13478c453,26,Q1,Q1.18,24,"If you discovered or suspected that medicines in your supply were fake, who would you report it to? Has anything like that ever happened?"
13L,Medicine Quality & Counterfeiting 3,e13478c453,26,Q1,Q1.19,40,"Overall, how big a problem do you think fake or poor quality medicines are for children under 5 in your community — is it a major problem, a minor problem, or not really a problem? What makes you say that?"
14,Malaria 5,b341cb4454,285,Q1,Q1.1,44,What are the health programs that you work on? Which ones take up the most time? Do you feel like you have enough time to do all the work you are asked to do? What do you wish you had more time to do?
14,Malaria 5,b341cb4454,285,Q1,Q1.2,67,"On a scale of 1 to 5 (1 being lowest and 5 highest), how do you rate the quality of training and supervision that you recieve? Do you ever have to choose between visiting households and doing something else you're asked to do - like attending meetings or collecting supplies? Has anyone added new tasks to your job in the past year without taking any task away?"
14,Malaria 5,b341cb4454,285,Q1,Q1.3,68,"When did you last run out of RDTs / ACTs (or any other required commodities or supply) before your next resupply? How often does this happen, and what do you do when this happens? When you are running low on RDTs or ACTs, how do you ask for more? Would it be possible for you to send a quick phone message each time you need to be resupplied?"
14,Malaria 5,b341cb4454,285,Q1,Q1.4,35,"Have you ever received medicines or RDTs that were expired, close to expiry, or damaged (for example by heat or water)? If yes, how often does this happen? What do you do with those medicines?"
14,Malaria 5,b341cb4454,285,Q1,Q1.5,40,"When a patient has a fever but their malaria rapid diagnostic test (RDT) is negative, what do you usually do? Out of 10 fever patients who test negative, how many do you think still end up taking an ACT (anti-malarial)?"
14,Malaria 5,b341cb4454,285,Q1,Q1.6,40,"Have you ever come across malaria rapid diagnostic tests (RDTs) that you felt gave the wrong result, or that you did not trust? If yes, how often does this happen?  What do you do when you doubt an RDT result?"
14,Malaria 5,b341cb4454,285,Q1,Q1.7,37,"When you do not have RDTs in stock but a patient has a fever, do you treat them for malaria anyway without a test? Out of 10 such patients, how many get an anti-malarial without being tested?"
14,Malaria 5,b341cb4454,285,Q1,Q1.8,38,"A full ACT course usually lasts 3 days. When you give someone ACTs, do you watch them take the first dose? For the remaining doses over the next days, how do you know whether they actually took them?"
14,Malaria 5,b341cb4454,285,Q1,Q1.9,48,"After you treat someone with ACTs, how often do they come back still sick, or get sick with malaria again within a couple of weeks? When that happens, what do you think the reason is? Is there a possibility that it wasn't malaria? How can you be sure?"
14,Malaria 5,b341cb4454,285,Q1,Q1.10,33,"When you identify a child under 5 with signs of severe malaria, do you give any treatment such as rectal artesunate before referring them? If yes, do you usually have it in stock?"
14,Malaria 5,b341cb4454,285,Q1,Q1.11,33,"Where do the ACTs and RDTs you use usually come from (for example government supply, an NGO, or bought yourself)? Can you tell which ACTs are the quality-assured ones? How do you identify?"
14,Malaria 5,b341cb4454,285,Q1,Q1.12,30,"Do you think the anti-malarials and RDTs people buy from drug shops, patent medicine vendors, or markets are more or less reliable than the ones you or the clinic provide?"
14,Malaria 5,b341cb4454,285,Q1,Q1.13,47,"When someone in your community has malaria, how often do they get treated somewhere you never see (for example a drug shop, patent medicine vendor, or pharmacy) instead of coming to you or the clinic? Out of 10 people with malaria, roughly how many go that route?"
14,Malaria 5,b341cb4454,285,Q1,Q1.14,26,"When a child has a fever, how often do families use antibiotics instead of, or alongside, an anti-malarial? How do they decide which one to use?"
14,Malaria 5,b341cb4454,285,Q1,Q1.15,22,"How common is it for people to keep leftover anti-malarials or antibiotics to use later, or to share them with family members?"
14,Malaria 5,b341cb4454,285,Q1,Q1.16,45,"Have you ever heard of Indoor Residual Spraying (IRS)? Have you or someone in your community used this to prevent malaria? If yes, did it work well in your opinion? Why do you think so? What are the challenges to using IRS in your community?"
14,Malaria 5,b341cb4454,285,Q1,Q1.17,19,What is the most common mistake people make when treating a child under-5 years old who has a fever?
14,Malaria 5,b341cb4454,285,Q1,Q1.18,30,"Compared with a few years ago, do the anti-malarials seem to work as well as they used to then? Have you noticed any change in the time of patient's recovery?"
14,Malaria 5,b341cb4454,285,Q1,Q1.19,37,"When health workers report your malaria testing and treatment numbers, is there ever an expectation that the numbers reach a certain target? Have you ever felt pressure to record more tests or treatments than actually took place?"
14,Malaria 5,b341cb4454,285,Q1,Q1.20,44,"If someone wanted to track down a specific malaria patient treated in your health facility last month, how could they do it? Do you keep records with patient names, their location, or phone numbers? If yes, would those patients usually be reachable by phone?"
14,Malaria 5,b341cb4454,285,Q1,Q1.21,12,When was the most recent mass ITN distribution campaign in your community?
14,Malaria 5,b341cb4454,285,Q1,Q1.22,12,Did this campaign target all households in your community or a sub-group?
14,Malaria 5,b341cb4454,285,Q1,Q1.23,16,"To the best of your knowledge, which NGOs and Institutions were involved in supporting this campaign?"
14,Malaria 5,5b770b1913,245,Q1,Q1.1,44,What are the health programs that you work on? Which ones take up the most time? Do you feel like you have enough time to do all the work you are asked to do? What do you wish you had more time to do?
14,Malaria 5,5b770b1913,245,Q1,Q1.2,67,"On a scale of 1 to 5 (1 being lowest and 5 highest), how do you rate the quality of training and supervision that you recieve? Do you ever have to choose between visiting households and doing something else you're asked to do - like attending meetings or collecting supplies? Has anyone added new tasks to your job in the past year without taking any task away?"
14,Malaria 5,5b770b1913,245,Q1,Q1.3,68,"When did you last run out of RDTs / ACTs (or any other required commodities or supply) before your next resupply? How often does this happen, and what do you do when this happens? When you are running low on RDTs or ACTs, how do you ask for more? Would it be possible for you to send a quick phone message each time you need to be resupplied?"
14,Malaria 5,5b770b1913,245,Q1,Q1.4,35,"Have you ever received medicines or RDTs that were expired, close to expiry, or damaged (for example by heat or water)? If yes, how often does this happen? What do you do with those medicines?"
14,Malaria 5,5b770b1913,245,Q1,Q1.5,40,"When a patient has a fever but their malaria rapid diagnostic test (RDT) is negative, what do you usually do? Out of 10 fever patients who test negative, how many do you think still end up taking an ACT (anti-malarial)?"
14,Malaria 5,5b770b1913,245,Q1,Q1.6,40,"Have you ever come across malaria rapid diagnostic tests (RDTs) that you felt gave the wrong result, or that you did not trust? If yes, how often does this happen?  What do you do when you doubt an RDT result?"
14,Malaria 5,5b770b1913,245,Q1,Q1.7,37,"When you do not have RDTs in stock but a patient has a fever, do you treat them for malaria anyway without a test? Out of 10 such patients, how many get an anti-malarial without being tested?"
14,Malaria 5,5b770b1913,245,Q1,Q1.8,38,"A full ACT course usually lasts 3 days. When you give someone ACTs, do you watch them take the first dose? For the remaining doses over the next days, how do you know whether they actually took them?"
14,Malaria 5,5b770b1913,245,Q1,Q1.9,48,"After you treat someone with ACTs, how often do they come back still sick, or get sick with malaria again within a couple of weeks? When that happens, what do you think the reason is? Is there a possibility that it wasn't malaria? How can you be sure?"
14,Malaria 5,5b770b1913,245,Q1,Q1.10,33,"When you identify a child under 5 with signs of severe malaria, do you give any treatment such as rectal artesunate before referring them? If yes, do you usually have it in stock?"
14,Malaria 5,5b770b1913,245,Q1,Q1.11,33,"Where do the ACTs and RDTs you use usually come from (for example government supply, an NGO, or bought yourself)? Can you tell which ACTs are the quality-assured ones? How do you identify?"
14,Malaria 5,5b770b1913,245,Q1,Q1.12,30,"Do you think the anti-malarials and RDTs people buy from drug shops, patent medicine vendors, or markets are more or less reliable than the ones you or the clinic provide?"
14,Malaria 5,5b770b1913,245,Q1,Q1.13,47,"When someone in your community has malaria, how often do they get treated somewhere you never see (for example a drug shop, patent medicine vendor, or pharmacy) instead of coming to you or the clinic? Out of 10 people with malaria, roughly how many go that route?"
14,Malaria 5,5b770b1913,245,Q1,Q1.14,26,"When a child has a fever, how often do families use antibiotics instead of, or alongside, an anti-malarial? How do they decide which one to use?"
14,Malaria 5,5b770b1913,245,Q1,Q1.15,22,"How common is it for people to keep leftover anti-malarials or antibiotics to use later, or to share them with family members?"
14,Malaria 5,5b770b1913,245,Q1,Q1.16,45,"Have you ever heard of Indoor Residual Spraying (IRS)? Have you or someone in your community used this to prevent malaria? If yes, did it work well in your opinion? Why do you think so? What are the challenges to using IRS in your community?"
14,Malaria 5,5b770b1913,245,Q1,Q1.17,19,What is the most common mistake people make when treating a child under-5 years old who has a fever?
14,Malaria 5,5b770b1913,245,Q1,Q1.18,30,"Compared with a few years ago, do the anti-malarials seem to work as well as they used to then? Have you noticed any change in the time of patient's recovery?"
14,Malaria 5,5b770b1913,245,Q1,Q1.19,37,"When health workers report your malaria testing and treatment numbers, is there ever an expectation that the numbers reach a certain target? Have you ever felt pressure to record more tests or treatments than actually took place?"
14,Malaria 5,5b770b1913,245,Q1,Q1.20,44,"If someone wanted to track down a specific malaria patient treated in your health facility last month, how could they do it? Do you keep records with patient names, their location, or phone numbers? If yes, would those patients usually be reachable by phone?"
2,Seasonal Malaria Chemoprevention 2,f09ac18e0a,918,Q1,Q1.1,14,Do most households in your catchment area receive Seasonal Malaria Chemoprevention (SMC) every year?
2,Seasonal Malaria Chemoprevention 2,f09ac18e0a,918,Q1,Q1.2,15,Do households in your community believe Seasonal Malaria Chemoprevention (SMC) is effective at preventing malaria?
2,Seasonal Malaria Chemoprevention 2,f09ac18e0a,918,Q1,Q1.3,19,"In the last rainy season, how many times did Community Drug Distributors (CDDs) visit the households in your community?"
2,Seasonal Malaria Chemoprevention 2,f09ac18e0a,918,Q1,Q1.4,27,"Are Seasonal Malaria Chemoprevention (SMC) medicines available outside of campaigns? If yes, where are they available (e.g., health facilities, private market) and are they expensive to purchase?"
2,Seasonal Malaria Chemoprevention 2,f09ac18e0a,918,Q1,Q1.5,42,"For every 10 distributors of SMC, how many are paid government healthcare staff such as CHEWs or JCHEWs? How many are volunteer government healthcare staff such as CHIPS? How many are people who do not typically work for the government healthcare system?"
2,Seasonal Malaria Chemoprevention 2,f09ac18e0a,918,Q1,Q1.6,41,"If you were involved in the last SMC campaign, what was your role? (e.g., community distributor, supervisor, lead mother, local leader). Were there any spot checks or verification of coverage during the campaign? If so, what happened during the supervision visit?"
2,Seasonal Malaria Chemoprevention 2,f09ac18e0a,918,Q1,Q1.7,31,"In the last SMC campaign you were involved in, were there enough SMC drugs to reach all children? Do CDDs provide any other services when they visit households to deliver SMC?"
2,Seasonal Malaria Chemoprevention 2,f09ac18e0a,918,Q1,Q1.8,44,"In the last campaign, were you or the distributors ever unable to distribute to an area because of insecurity? Out of 100 households in the communities you were supposed to distribute to, how many were you unable to distribute to because of security concerns?"
2,Seasonal Malaria Chemoprevention 2,f09ac18e0a,918,Q1,Q1.9,52,"Do distributors ever give SMC to children over 5 years old because they make a mistake, because the caregiver gives the wrong age, or for another reason? Out of every 10 children 6 to 10 years old in your community, how many do you think received SMC in the last campaign cycle?"
2,Seasonal Malaria Chemoprevention 2,f09ac18e0a,918,Q1,Q1.10,17,"Did the SMC distributors record the number of drugs distributed digitally, on paper tally sheets, or both?"
3,Bed Net Usage,4dda456ede,478,Q1,Q1.1,18,What percentage of households own bed nets in your catchment area? Please explain how you estimated this percentage.
3,Bed Net Usage,4dda456ede,478,Q1,Q1.2,15,"For every 10 households that own bed nets, how many use them for sleeping under?"
3,Bed Net Usage,4dda456ede,478,Q1,Q1.3,29,"For every 10 households that use bednets, do they use them all year or only certain times of year? If only certain times of year, when is it used?"
3,Bed Net Usage,4dda456ede,478,Q1,Q1.4,18,"When people have bed nets but don't sleep under them, what are the most common reasons why not?"
3,Bed Net Usage,4dda456ede,478,Q1,Q1.5,17,"When there aren't enough bed nets to cover everyone in the household, are children or adults prioritized?"
3,Bed Net Usage,4dda456ede,478,Q1,Q1.6,15,What are all the different ways people can get bed nets in your catchment area?
3,Bed Net Usage,4dda456ede,478,Q1,Q1.7,15,What kind of things do you think would make people more likely to use nets?
3,Bed Net Usage,4dda456ede,478,Q1,Q1.8,15,What are the most common complaints you hear about the bed nets people have received?
3,Bed Net Usage,4dda456ede,478,Q1,Q1.9,17,How long do bed nets typically last in your catchment area until they get holes in them?
3,Bed Net Usage,4dda456ede,478,Q1,Q1.10,8,Why do people stop using their bed nets?
3,Bed Net Usage,4dda456ede,478,Q1,Q1.11,32,"Do people in your community ever use bed nets for activities other than sleeping under? If yes, what is the most common activity people use bed nets for other than sleeping under?"
3,Bed Net Usage,4dda456ede,478,Q1,Q1.12,21,In what capacity were you involved in the bed net campaign? What are the characteristics of those that deliver bed nets?
3,Bed Net Usage,4dda456ede,478,Q1,Q1.13,26,How did the most recent mass bednet campaign go? What percentage of total households in your catchment area did not receive bednets? What challenges were faced?
3,Bed Net Usage,4dda456ede,478,Q1,Q1.14,17,"Have you observed bednets getting diverted during distributions? If so, can you describe what you have observed?"
3,Bed Net Usage,4dda456ede,478,Q1,Q1.15,31,"When Ready-to-Use Therapeutic Food (RUTF) such as plumpy nut is distributed, does it always reach the intended child? Have you observed any diversion? How does diversion with RUTF compare to nets?"
3,Bed Net Usage,4dda456ede,478,Q1,Q1.16,23,"Have you ever seen anyone in your catchment area repair a torn bed net? If yes, what did they use to repair it?"
3,Bed Net Usage,4dda456ede,478,Q1,Q1.17,25,"Out of every 10 households that have a bed net with a hole, how many do you think would know how to repair it themselves?"
3,Bed Net Usage,4dda456ede,478,Q1,Q1.18,20,"For nets that have holes, do people in your area still sleep under them or do they stop using them?"
3,Bed Net Usage,4dda456ede,478,Q1,Q1.19,20,"Do households in your area wash their bed nets? If so, how often and with what (soap, detergent, water only)?"
3,Bed Net Usage,7511629faa,196,Q1,Q1.1,18,What percentage of households own bed nets in your catchment area? Please explain how you estimated this percentage.
3,Bed Net Usage,7511629faa,196,Q1,Q1.2,15,"For every 10 households that own bed nets, how many use them for sleeping under?"
3,Bed Net Usage,7511629faa,196,Q1,Q1.3,29,"For every 10 households that use bednets, do they use them all year or only certain times of year? If only certain times of year, when is it used?"
3,Bed Net Usage,7511629faa,196,Q1,Q1.4,18,"When people have bed nets but don't sleep under them, what are the most common reasons why not?"
3,Bed Net Usage,7511629faa,196,Q1,Q1.5,17,"When there aren't enough bed nets to cover everyone in the household, are children or adults prioritized?"
3,Bed Net Usage,7511629faa,196,Q1,Q1.6,15,What are all the different ways people can get bed nets in your catchment area?
3,Bed Net Usage,7511629faa,196,Q1,Q1.7,15,What kind of things do you think would make people more likely to use nets?
3,Bed Net Usage,7511629faa,196,Q1,Q1.8,15,What are the most common complaints you hear about the bed nets people have received?
3,Bed Net Usage,7511629faa,196,Q1,Q1.9,17,How long do bed nets typically last in your catchment area until they get holes in them?
3,Bed Net Usage,7511629faa,196,Q1,Q1.10,8,Why do people stop using their bed nets?
3,Bed Net Usage,7511629faa,196,Q1,Q1.11,32,"Do people in your community ever use bed nets for activities other than sleeping under? If yes, what is the most common activity people use bed nets for other than sleeping under?"
3,Bed Net Usage,7511629faa,196,Q1,Q1.12,21,In what capacity were you involved in the bed net campaign? What are the characteristics of those that deliver bed nets?
3,Bed Net Usage,7511629faa,196,Q1,Q1.13,26,How did the most recent mass bednet campaign go? What percentage of total households in your catchment area did not receive bednets? What challenges were faced?
3,Bed Net Usage,7511629faa,196,Q1,Q1.14,17,"Have you observed bednets getting diverted during distributions? If so, can you describe what you have observed?"
3,Bed Net Usage,7511629faa,196,Q1,Q1.15,31,"When Ready-to-Use Therapeutic Food (RUTF) such as plumpy nut is distributed, does it always reach the intended child? Have you observed any diversion? How does diversion with RUTF compare to nets?"
4,Health Worker Experience,e48ed7aed7,594,Q1,Q1.1,29,Have you ever had a sick child in front of you and not had what you needed to help them? What do you do? How often does that happen?
4,Health Worker Experience,e48ed7aed7,594,Q1,Q1.2,19,"Do you feel safe doing this work? If sometimes or no, why/when/what are the circumstances, what do you do?"
4,Health Worker Experience,e48ed7aed7,594,Q1,Q1.3,16,Is there anything you've wanted to tell someone about your work but haven't had the chance?
4,Health Worker Experience,e48ed7aed7,594,Q1,Q1.4,11,Has a supervisor ever corrected something you were doing wrong? What?
4,Health Worker Experience,e48ed7aed7,594,Q1,Q1.5,15,Do you fill out reports? Who reads them? Have you ever gotten feedback on them?
4,Health Worker Experience,e48ed7aed7,594,Q1,Q1.6,18,"Have you ever felt pressure to fill out reports with incorrect data? If so, which data and reports?"
4,Health Worker Experience,e48ed7aed7,594,Q1,Q1.7,10,Has your work changed over the last year? How specifically?
4,Health Worker Experience,e48ed7aed7,594,Q1,Q1.8,10,Do you receive any payment or support for your work?
4,Health Worker Experience,e48ed7aed7,594,Q1,Q1.9,10,What are the biggest challenges you face in your work?
4,Health Worker Experience,e48ed7aed7,594,Q1,Q1.10,5,What makes your work difficult?
4,Health Worker Experience,e48ed7aed7,594,Q1,Q1.11,15,"If you could change a few things to improve your work, what would they be?"
4,Health Worker Experience,e48ed7aed7,594,Q1,Q1.12,9,What is the biggest health challenge in your community?
4,Health Worker Experience,e48ed7aed7,594,Q1,Q1.13,17,"Are the health challenges in your community worse than a year ago, about the same, or better?"
4,Health Worker Experience,e48ed7aed7,594,Q1,Q1.14,13,What medicines most often run out of stock in your local health facility?
4,Health Worker Experience,e48ed7aed7,594,Q1,Q1.15,17,Are Artemisinin-based Combination Therapies (ACTs) available at your health facility? How often are they out of stock?
4,Health Worker Experience,e48ed7aed7,594,Q1,Q1.16,14,"When medicines aren't in stock in the health facility, what do people do instead?"
5,Family Planning,f49d01dae4,425,Q1,Q1.1,11,How do you feel about implants as a family planning method?
5,Family Planning,f49d01dae4,425,Q1,Q1.2,8,Are implants in stock when women want them?
5,Family Planning,f49d01dae4,425,Q1,Q1.3,20,"Do you think people get pressured to use implants? If so, are they pressured by any particular organizations or providers?"
5,Family Planning,f49d01dae4,425,Q1,Q1.4,12,Do you think people have easy enough access to implant removal services?
5,Family Planning,f49d01dae4,425,Q1,Q1.5,31,"Have you heard of Marie Stopes Nigeria (MSI)? If so, does MSI engage with you or your colleagues directly? What do you think of the quality of the services they provide?"
6,Vitamin A Supplementation,78013eceb3,412,Q1,Q1.1,34,"Do you record how many Vitamin A Supplementation (VAS) capsules you give in your catchment area? If so, in which form is the data recorded? Who receives this information and how is it used?"
6,Vitamin A Supplementation,78013eceb3,412,Q1,Q1.2,39,"Besides Vitamin A Supplementation (VAS), what other services are offered during Maternal, Neonatal, and Child Health Weeks (MNCHWs)? Estimate the number of people in your catchment area who receive each of the services you mentioned besides VAS during MNCHWs?"
6,Vitamin A Supplementation,78013eceb3,412,Q1,Q1.3,42,"How old should a child be to receive Vitamin A Supplementation (VAS) during Maternal, Neonatal, and Child Health Weeks (MNCHWs)? Have you ever heard of or seen Community Drug Distributors (CDDs) giving VAS to children who are too young or too old?"
6,Vitamin A Supplementation,78013eceb3,412,Q1,Q1.4,29,"When parents visit the clinic or Maternal, Neonatal, and Child Health Weeks (MNCHWs), what is usually the main reason (e.g. immunization, weighing, Vitamin A Supplementation (VAS), or something else)?"
6,Vitamin A Supplementation,78013eceb3,412,Q1,Q1.5,27,"Would parents still go to the clinic or Maternal, Neonatal, and Child Health Weeks (MNCHWs) if Vitamin A Supplementation (VAS) were not offered? Why or why not?"
6,Vitamin A Supplementation,78013eceb3,412,Q1,Q1.6,19,"Who supervises or checks your Vitamin A Supplementation (VAS) work during the Maternal, Neonatal, and Child Health Week (MNCHW)?"
6,Vitamin A Supplementation,78013eceb3,412,Q1,Q1.7,28,"During the Maternal, Neonatal, and Child Health Week (MNCHW), how often do you experience stockouts of Vitamin A Supplementation (VAS)? When stockouts occur, how quickly are they resolved?"
6,Vitamin A Supplementation,78013eceb3,412,Q1,Q1.8,30,"Which organizations currently support Vitamin A Supplementation (VAS) in Maternal, Neonatal, and Child Health Weeks (MNCHWs) in your catchment area? In what ways do these organizations currently support this work?"
6,Vitamin A Supplementation,78013eceb3,412,Q1,Q1.9,53,"Are you currently receiving any form of payment or incentive for your work in Vitamin A Supplementation (VAS) activities during Maternal, Neonatal, and Child Health Weeks (MNCHWs)? If so, what form of payment or incentive do you usually receive? Do you consider this payment or incentive more than enough, enough, or not enough?"
6,Vitamin A Supplementation,78013eceb3,412,Q1,Q1.10,24,"When Maternal, Neonatal, and Child Health Weeks (MNCHWs) occur, how does this affect your workload? Are you still able to complete your main responsibilities?"
6,Vitamin A Supplementation,78013eceb3,412,Q1,Q1.11,30,"Outside the Maternal, Neonatal, and Child Health Week (MNCHW), how often can parents obtain Vitamin A Supplementation (VAS) in your catchment area? What are the other ways to get VAS?"
6,Vitamin A Supplementation,78013eceb3,412,Q1,Q1.12,29,"Have you distributed Vitamin A Supplementation (VAS) outside of Maternal, Neonatal, and Child Health Weeks (MNCHWs)? If so, how does distribution outside of MNCHWs compare to distribution during MNCHWs?"
6,Vitamin A Supplementation,78013eceb3,412,Q1,Q1.13,15,What changes would make your work distributing Vitamin A Supplementation (VAS) easier or more efficient?
7,Vaccines,a23ce1cf3c,364,Q1,Q1.1,7,Have you received training in administering vaccinations?
7,Vaccines,a23ce1cf3c,364,Q1,Q1.2,16,"Have you administered vaccinations in the last year? If so, how often do you provide vaccinations?"
7,Vaccines,a23ce1cf3c,364,Q1,Q1.3,14,How do you get the vaccines that you use to vaccinate children under 5?
7,Vaccines,a23ce1cf3c,364,Q1,Q1.4,13,How often do you experience vaccine stockouts? Which vaccines are most commonly stocked-out?
7,Vaccines,a23ce1cf3c,364,Q1,Q1.5,11,Do you get paid for adminitering vaccines to children under 5?
7,Vaccines,a23ce1cf3c,364,Q1,Q1.6,11,What are the primary reasons children under 5 don't receive vaccines?
7,Vaccines,a23ce1cf3c,364,Q1,Q1.7,27,"Do people receive cash incentives for vaccines in your community? If so, how does that affect their behavior? What would happen if the incentives were taken away?"
7,Vaccines,62142f6479,103,Q1,Q1.1,7,Have you received training in providing vaccinations?
7,Vaccines,62142f6479,103,Q1,Q1.2,16,"Have you provided vaccinations in the last year? If so, how often do you provide vaccinations?"
7,Vaccines,62142f6479,103,Q1,Q1.3,12,How do you get the vaccines that you use to vaccinate children?
7,Vaccines,62142f6479,103,Q1,Q1.4,13,How often do you experience vaccine stockouts? Which vaccines are most commonly stocked-out?
7,Vaccines,62142f6479,103,Q1,Q1.5,8,Are you paid for your work vaccinating children?
7,Vaccines,62142f6479,103,Q1,Q1.6,9,What are the primary reasons children don't receive vaccines?
7,Vaccines,62142f6479,103,Q1,Q1.7,27,"Do people receive cash incentives for vaccines in your community? If so, how does that affect their behavior? What would happen if the incentives were taken away?"
8,Antibiotics and ACT Use,ba27b5d721,253,Q1,Q1.1,12,"In your community, how common is it for people to take antibiotics?"
8,Antibiotics and ACT Use,ba27b5d721,253,Q1,Q1.2,15,"In your community, how common is it for people to take Artemisinin-based Combination Therapy (ACT)?"
8,Antibiotics and ACT Use,ba27b5d721,253,Q1,Q1.3,26,Describe the health conditions for which antibiotics are most commonly used in your catchment area? Do people get these antibiotics from health facilities or community pharmacies?
8,Antibiotics and ACT Use,ba27b5d721,253,Q1,Q1.4,20,Which symptoms lead people to get treated with Artemisinin-based Combination Therapies (ACTs)? Do they take Rapid Diagnostic Tests (RDTs) first?
8,Antibiotics and ACT Use,ba27b5d721,253,Q1,Q1.5,28,"When people in your community get sick with a cough, respiratory infection, or other infections, and they don't go to the health facility, how do they get antibiotics?"
8,Antibiotics and ACT Use,ba27b5d721,253,Q1,Q1.6,15,What antibiotics are most commonly available to buy? Do you think people use them appropriately?
8,Antibiotics and ACT Use,ba27b5d721,253,Q1,Q1.7,11,What Artemisinin-based Combination Therapies (ACTs) are most commonly available to buy?
8,Antibiotics and ACT Use,ba27b5d721,253,Q1,Q1.8,10,Do you counsel people in your community about antibiotic use?
8,Antibiotics and ACT Use,ba27b5d721,253,Q1,Q1.9,46,"When people are prescribed antibiotics or buy them, do most people finish the whole course? Or do they stop early once they start feeling better? Why do you think people don't finish the whole course? Can you estimate the percentage of people finishing the full course?"
8,Antibiotics and ACT Use,ba27b5d721,253,Q1,Q1.10,41,"When people get Artemisinin-based Combination Therapies (ACTs), do they take the whole course or stop early when they feel better? Why do you think people don't finish the whole course? Can you estimate the percentage of people finishing the full course?"
8L,Antibiotics and ACT Use 3,36ac22070f,28,Q1,Q1.1,25,"Think about the people you visited or spoke with in the past month. Out of every 10 people, how many do you think took antibiotics?"
8L,Antibiotics and ACT Use 3,36ac22070f,28,Q1,Q1.2,24,"Think about households you visited in the past month. Out of every 10 people, how many do you think took Artemisinin-based Combination Therapy (ACT)?"
8L,Antibiotics and ACT Use 3,36ac22070f,28,Q1,Q1.3,26,Describe the health conditions for which antibiotics are most commonly used in your catchment area? Do people get these antibiotics from health facilities or community pharmacies?
8L,Antibiotics and ACT Use 3,36ac22070f,28,Q1,Q1.4,20,Which symptoms lead people to get treated with Artemisinin-based Combination Therapies (ACTs)? Do they take Rapid Diagnostic Tests (RDTs) first?
8L,Antibiotics and ACT Use 3,36ac22070f,28,Q1,Q1.5,28,"When people in your community get sick with a cough, respiratory infection, or other infections, and they don't go to the health facility, how do they get antibiotics?"
8L,Antibiotics and ACT Use 3,36ac22070f,28,Q1,Q1.6,15,What antibiotics are most commonly available to buy? Do you think people use them appropriately?
8L,Antibiotics and ACT Use 3,36ac22070f,28,Q1,Q1.7,11,What Artemisinin-based Combination Therapies (ACTs) are most commonly available to buy?
8L,Antibiotics and ACT Use 3,36ac22070f,28,Q1,Q1.8,26,"Do you counsel people in your community about antibiotic use? If yes, how much time do you spend on this during a typical visit or session?"
8L,Antibiotics and ACT Use 3,36ac22070f,28,Q1,Q1.9,54,"When people are prescribed antibiotics or buy them, do most people finish the whole course, or do they stop early once they start feeling better? Why do you think people don't finish the whole course? Out of 10 sick people, how many do you think finish the full course of antibiotics prescribed to them?"
8L,Antibiotics and ACT Use 3,36ac22070f,28,Q1,Q1.10,45,"When people get Artemisinin-based Combination Therapies (ACTs), do they take the whole course or stop early when they feel better? Why do you think people don't finish the whole course? Out of 10 people getting ACTs, how many do you think finish the full course?"
8L,Antibiotics and ACT Use 3,36ac22070f,28,Q1,Q1.11,37,"In your experience, are there times when people treat themselves or a family member for an infection at home without visiting a health facility? What do they typically use, and what usually prompts them to do that?"
8L,Antibiotics and ACT Use 3,36ac22070f,28,Q1,Q1.12,36,"When a child under 5 in your catchment area has a fever, how do caregivers decide when to seek care from you or a health facility — what signs or symptoms make them decide to act?"
8L,Antibiotics and ACT Use 3,36ac22070f,28,Q1,Q1.13,26,"Apart from health facilities, where else can people in your catchment area get medicines for infections or fever? How easy is it to get these medicines?"
8L,Antibiotics and ACT Use 3,36ac22070f,28,Q1,Q1.14,30,"In your experience, are there times when people take medicines for an infection and do not recover as expected? What do you think are the most common reasons that happens?"
8L,Antibiotics and ACT Use 3,36ac22070f,28,Q1,Q1.15,31,"When you counsel someone about finishing their antibiotics, what reasons do they give for stopping early? Out of 10 people you counsel, how many do you think actually follow your advice?"
8L,Antibiotics and ACT Use 3,36ac22070f,28,Q1,Q1.16,32,"Do you think there is a difference in how people in your area use antibiotics compared to how they use malaria treatment drugs? If so, what do you think explains that difference?"
8L,Antibiotics and ACT Use 3,36ac22070f,28,Q1,Q1.17,34,"Is amoxicillin readily available in your community? If yes, where do most people access it from? Is the dispersible tablet form available? If not, what form of amoxicillin do people typically give to children?"
8L,Antibiotics and ACT Use 3,36ac22070f,28,Q1,Q1.18,16,"Is azithromycin readily available in your community? If yes, where do most people access it from?"
8L,Antibiotics and ACT Use 3,36ac22070f,28,Q1,Q1.19,32,"Is pain relief medication readily available in your community? If yes, what are the most common types of pain relief medication used in your community? Where do people typically access it from?"
8L,Antibiotics and ACT Use 3,36ac22070f,28,Q1,Q1.20,12,Are there specific types of medicines you think are often poor quality?
8L,te001_topic,e0a6b211fb,1,Q1,Q1.1,60,"During last year, were there any deaths of children under 5 in your catchment area? If yes, explain the possible causes of death in detail. (Identify diseases that caused deaths, how was the disease identified - blood test or other tests; and reasons for the presence of those diseases). If no, explain the reason you think led to zero deaths"
8L,te001_topic,e0a6b211fb,1,Q2,Q2.1,28,Have you observed any cases of vaccine hesitancy? What is the approximate percantage of such families and what steps do you take to convince them to take vaccines?
8S,Antibiotics and ACT Use 2,690c5a8a14,37,Q1,Q1.1,25,"Think about the people you visited or spoke with in the past month. Out of every 10 people, how many do you think took antibiotics?"
8S,Antibiotics and ACT Use 2,690c5a8a14,37,Q1,Q1.2,24,"Think about households you visited in the past month. Out of every 10 people, how many do you think took Artemisinin-based Combination Therapy (ACT)?"
8S,Antibiotics and ACT Use 2,690c5a8a14,37,Q1,Q1.3,26,Describe the health conditions for which antibiotics are most commonly used in your catchment area? Do people get these antibiotics from health facilities or community pharmacies?
8S,Antibiotics and ACT Use 2,690c5a8a14,37,Q1,Q1.4,20,Which symptoms lead people to get treated with Artemisinin-based Combination Therapies (ACTs)? Do they take Rapid Diagnostic Tests (RDTs) first?
8S,Antibiotics and ACT Use 2,690c5a8a14,37,Q1,Q1.5,28,"When people in your community get sick with a cough, respiratory infection, or other infections, and they don't go to the health facility, how do they get antibiotics?"
8S,Antibiotics and ACT Use 2,690c5a8a14,37,Q1,Q1.6,15,What antibiotics are most commonly available to buy? Do you think people use them appropriately?
8S,Antibiotics and ACT Use 2,690c5a8a14,37,Q1,Q1.7,11,What Artemisinin-based Combination Therapies (ACTs) are most commonly available to buy?
9,Medicine Quality & Counterfeiting,3e71de87df,91,Q1,Q1.1,35,"Have you ever heard of fake medicines or counterfeit drugs (in other words, medicines that don't work or are not what they claim to be)? Have you experienced this issue with Artemisinin-based Combination Therapies (ACTs)?"
9,Medicine Quality & Counterfeiting,3e71de87df,91,Q1,Q1.2,21,"Do you think fake medicines are a problem in your community? If so, where do you think fake medicines come from?"
9,Medicine Quality & Counterfeiting,3e71de87df,91,Q1,Q1.3,9,How can someone tell if a medicine is fake?
9,Medicine Quality & Counterfeiting,3e71de87df,91,Q1,Q1.4,18,"When you recommend a medicine to someone, how confident are you that they are getting the real medication?"
9,Medicine Quality & Counterfeiting,3e71de87df,91,Q1,Q1.5,17,Have you ever personally seen a medicine that you thought might be fake or of poor quality?
99,Internal Topic,d60b442fa6,140,Q1,Q1.1,17,How did you find out when a new interview was available to you? What was that like?
99,Internal Topic,d60b442fa6,140,Q1,Q1.2,34,"If you ever had more than one interview available at the same time, how did you decide which one to respond to? How easy or difficult was it to get to the right chatbot?"
99,Internal Topic,d60b442fa6,140,Q1,Q1.3,25,"What was it like using the technology for these interviews? Did anything confuse you, or did you run into any technical problems along the way?"
99,Internal Topic,d60b442fa6,140,Q1,Q1.4,20,"Have you ever gotten locked out of your PersonalID account? If so, what did you do to get back in?"
99,Internal Topic,d60b442fa6,140,Q1,Q1.5,18,"When you're doing interviews, how do you keep track of how many you can still do that day?"
99,Internal Topic,d60b442fa6,140,Q1,Q1.6,14,How often do you end up changing your phone number? What usually causes that?
99,Internal Topic,d60b442fa6,140,Q1,Q1.7,38,"How does the pay for these interviews compare to what you earn from your other work - better, worse, or about the same? And what would make you want to keep doing interviews like this in the future?"
99,Internal Topic,d60b442fa6,140,Q1,Q1.8,23,"Have you run into any problems with how quickly, or how often, you get paid for your interviews? Tell me more about that."
99,Internal Topic,d60b442fa6,140,Q1,Q1.9,19,"What's been the main reason, if any, that's made you stop or take a break from doing these interviews?"
99,te001_topic,e0a6b211fb,4,Q1,Q1.1,60,"During last year, were there any deaths of children under 5 in your catchment area? If yes, explain the possible causes of death in detail. (Identify diseases that caused deaths, how was the disease identified - blood test or other tests; and reasons for the presence of those diseases). If no, explain the reason you think led to zero deaths"
99,te001_topic,e0a6b211fb,4,Q2,Q2.1,28,Have you observed any cases of vaccine hesitancy? What is the approximate percantage of such families and what steps do you take to convince them to take vaccines?
A,Community Demographics,18955a9520,1437,Q1,Q1.1,18,How many households do you estimate are in your catchment area? Please explain how you estimated this number.
A,Community Demographics,18955a9520,1437,Q2,Q2.1,24,"Of the households in your community, what percentage of them have a main language that is not Hausa? What other language(s) do they speak?"
A,Community Demographics,18955a9520,1437,Q3,Q3.1,14,How many internally displaced persons (IDPs) do you estimate are in your catchment area?
A,Community Demographics,18955a9520,1437,Q4,Q4.1,14,How many nomadic households do you estimate pass through your catchment area every year?
A,Community Demographics,18955a9520,1437,Q5,Q5.1,43,"What is the approximate number of children under age of 5 in your catchment area? How many of them died in your catchment area during last year? What were the biggest causes of death? How many died of Fever, Diarrhea, or something else?"
A,Community Demographics,18955a9520,1437,Q6,Q6.1,22,What is the approximate number of children under 5 in your catchment area who have never been vaccinated? What are their characteristics?
A,Community Demographics,18955a9520,1437,Q7,Q7.1,41,"When was the last maternal and child health week in your catchment area? During that week, what percentage of children under 5 in your catchment area got Vitamin A Supplementation (VAS)? Why do you think those children did not get VAS?"
A,,fde60ed964,1,Q1,Q1.1,18,How many households do you estimate are in your catchment area? Please explain how you estimated this number.
A,,fde60ed964,1,Q2,Q2.1,24,"Of the households in your community, what percentage of them have a main language that is not Hausa? What other language(s) do they speak?"
B,Malaria,35f4d31174,1166,Q1,Q1.1,55,"Approximately, how many children under 5 are there in your catchment area? During the last year, approximately how many of those children got Malaria? Are you estimating based on the presence of fever, or is the estimate based on tests (i.e: rapid diagnostic tests (RDTs))? Of these children who got malaria, how many passed away?"
B,Malaria,35f4d31174,1166,Q2,Q2.1,32,How does the number of children under 5 that passed away in your catchment due to malaria in the last year compare to when you started working as a community health worker?
B,Malaria,35f4d31174,1166,Q3,Q3.1,16,How do people in your catchment area find out whether their children under 5 have malaria?
B,Malaria,35f4d31174,1166,Q4,Q4.1,35,"When a child under 5 in your catchment area gets malaria, where do they typically go for treatment (e.g: health facility, pharmacy, traditional healer, Patent and Proprietary Medicine Vendors (PPMVs))? What treatment do they offer?"
B,Malaria,35f4d31174,1166,Q5,Q5.1,56,"Have you ever had a child under 5 present with a fever you think is malaria fever, given them a Rapid Diagnostic Test (RDT) where they test negative, but still given the child an Artemisinin-based Combination Therapy (ACT), and they responded to treatment? If  you have experienced this, did it make you worry about RDT quality?"
B,Malaria,35f4d31174,1166,Q6,Q6.1,33,"During the last rainy season, what percentage of children under 5 in your catchment area got Seasonal Malaria Chemoprevention (SMC)? Please describe in detail who did and did not get the SMC drugs."
B,Malaria,35f4d31174,1166,Q7,Q7.1,21,"During the last rainy season, what percentage of children who got Seasonal Malaria Chemoprevention (SMC) were over 5 years of age?"
B,Malaria,35f4d31174,1166,Q8,Q8.1,59,"During the last rainy season, of the children under 5 in your catchment area who did not receive the full Seasonal Malaria Chemoprevention (SMC) course across all cycles: What percentage received no SMC drugs at all? What percentage received SMC drugs in at least one cycle but were missed by Community Drug Distributors (CDDs) for one or more cycles?"
B,Malaria,35f4d31174,1166,Q9,Q9.1,30,"What are the reasons that households are missed by Community Drug Distributors (CDDs) when distributing Seasonal Malaria Chemoprevention (SMC)? For every 100 households, how many do you think are missed?"
C,Nutrition Prevalance and Programs,6c92b17a50,466,Q1,Q1.1,12,"Approximately, how many children under 5 are there in your catchment area?"
C,Nutrition Prevalance and Programs,6c92b17a50,466,Q1,Q1.2,16,"Out of every 10 children in your catchment area, how many suffer from Severe Malnutrition (SAM)?"
C,Nutrition Prevalance and Programs,6c92b17a50,466,Q1,Q1.3,28,"In the past month, how many of those children under 5 in your catchment area received plumpy nut or other special foods to be taken over multiple weeks?"
C,Nutrition Prevalance and Programs,6c92b17a50,466,Q1,Q1.4,22,"In the past month, how many children under 5 in your catchment area were taken to the hospital for severe malnutrition (SAM)?"
C,Nutrition Prevalance and Programs,6c92b17a50,466,Q1,Q1.5,10,How do you identify these children with severe malnutrition (SAM)?
C,Nutrition Prevalance and Programs,6c92b17a50,466,Q1,Q1.6,13,How do people in the catchment area identify children with severe malnutrition (SAM)?
C,Nutrition Prevalance and Programs,6c92b17a50,466,Q1,Q1.7,36,"Have you observed cases where the same child under the age of 5 or family returns to nutrition programs multiple times? If so, describe in detail what you thinks contribute to their return to the program."
C,Nutrition Prevalance and Programs,6c92b17a50,466,Q1,Q1.8,37,"Is there a Community-based Management of Acute Malnutrition (CMAM) or nutrition program in your catchment area? If yes, how easy is it for families to access? What are potential barriers to accessing the CMAM or nutrition program?"
D,Water & Diarrhea,91f1735a15,9,Q1,Q1.1,11,Estimate the number of children under 5 in your catchment area.
D,Water & Diarrhea,91f1735a15,9,Q1,Q1.2,54,"What do people in your catchment area typically do if their child under 5 has diarrhea? What do you recommend them to do? In general, what percentage of families do you think would do each of the following?: A) Do nothing B) Ask you for help C) Use ORS D) Use antibiotics E) Other?"
D,Water & Diarrhea,91f1735a15,9,Q1,Q1.3,34,"Is Oral Rehydration Salts (ORS) well known as a treatment for diarrhea in your community? For every 10 families, how many make homemade sugar/salt solutions (or other homemade solutions) when their child has diarrhea?"
D,Water & Diarrhea,91f1735a15,9,Q1,Q1.4,18,"What water source do people typically use in your catchment area (e.g. open well water, piped water, etc)?"
D,Water & Diarrhea,91f1735a15,9,Q1,Q1.5,34,"For every 10 households in your catchment area, how many chlorinate their water? How do they do the chlorination? Is there a chlorine dispenser? Is there a device that adds chlorine? Are there tablets?"
D,Water & Diarrhea,6cbb014ca9,8,Q1,Q1.1,11,Estimate the number of children under 5 in your catchment area.
D,Water & Diarrhea,6cbb014ca9,8,Q1,Q1.2,54,"What do people in your catchment area typically do if their child under 5 has diarrhea? What do you recommend them to do? In general, what percentage of families do you think would do each of the following?: A) Do nothing B) Ask you for help C) Use ORS D) Use antibiotics E) Other?"
D,Water & Diarrhea,6cbb014ca9,8,Q1,Q1.3,34,"Is Oral Rehydration Salts (ORS) well known as a treatment for diarrhea in your community? For every 10 families, how many make homemade sugar/salt solutions (or other homemade solutions) when their child has diarrhea?"
D,Water & Diarrhea,6cbb014ca9,8,Q1,Q1.4,18,"What water source do people typically use in your catchment area (e.g. open well water, piped water, etc)?"
D,Water & Diarrhea,6cbb014ca9,8,Q1,Q1.5,28,What do families in your catchment area typically spend on drinking water? Do they buy pouch water or another kind of water? Who typically drinks the purchased water?
D,Water & Diarrhea,6cbb014ca9,8,Q1,Q1.6,34,"For every 10 households in your catchment area, how many chlorinate their water? How do they do the chlorination? Is there a chlorine dispenser? Is there a device that adds chlorine? Are there tablets?"
E,Community & FLW Profile,81720c83e0,21,Q1,Q1.1,17,What is the most common complaint you hear about health care from the people that you serve?
E,Community & FLW Profile,81720c83e0,21,Q1,Q1.2,14,What are your main responsibilities as a community health worker? Please describe in detail.
E,Community & FLW Profile,81720c83e0,21,Q1,Q1.3,14,What does a normal working day look like for you? Please describe in detail.
E,Community & FLW Profile,81720c83e0,21,Q1,Q1.4,13,Do you feel your workload as a Community Health Worker (CHW) is manageable?
E,Community & FLW Profile,81720c83e0,21,Q1,Q1.5,9,How many days a week do you usually work?
E,Community & FLW Profile,81720c83e0,21,Q1,Q1.6,19,"On days when you work as a Community Health Worker (CHW), how many hours a day do you work?"
E,Community & FLW Profile,81720c83e0,21,Q1,Q1.7,36,"Are there times of year when you can't do your work (e.g. due to farming season, rains, security concerns)? If so, describe the times of year and the reasons you aren't able to do your work."
E,Community & FLW Profile,81720c83e0,21,Q1,Q1.8,21,"When nets or SMC campaigns occur, how does this affect your workload? Are you still able to complete your main responsibilities?"
